tweet_id,tweet_text,latitude,longitude,date,severity
1,"Flooding reported near City Dock, water levels rising rapidly!",38.97499747669878,-76.48823946885757,2024-05-03,Medium
2,Streets around Eastport are underwater after heavy rains.,38.97375945702951,-76.49505325259251,2024-05-03,High
3,High tides causing floods again downtown Annapolis.,38.98373814667359,-76.49036323291068,2024-05-03,High
4,"Flash flooding near Forest Drive, avoid the area!",38.975188133015905,-76.49418277508907,2024-05-03,High
5,Minor flooding noticed at Quiet Waters Park entrance.,38.969105702227516,-76.49612976965793,2024-05-03,High
6,Massive puddles forming near Naval Academy due to the storm.,38.970503246820314,-76.498080851376,2024-05-03,High
7,"Storm drains overwhelmed near West Street, flooding ongoing.",38.96938351744373,-76.49400888522587,2024-05-03,Medium
8,"High water blocking roads near Spa Creek, cars stuck.",38.97776314173776,-76.50052981290415,2024-05-03,High
9,"Residential flooding observed near Bay Ridge, homes at risk.",38.977749442632586,-76.48675718818889,2024-05-03,Medium
10,Water rapidly rising near Truxtun Park after rainfall.,38.97348814272783,-76.48627771183087,2024-05-03,High
11,Floodwaters impacting traffic near Rowe Blvd.,38.9820251478558,-76.49372929919488,2024-05-03,Medium
12,Dock Street under significant flooding after storm.,38.972622736227095,-76.48506436377515,2024-05-03,High
13,Neighborhood streets near Back Creek submerged.,38.978869370740895,-76.48429887349944,2024-05-03,High
14,"Severn Avenue experiencing floods, residents concerned.",38.98417253948285,-76.48710645230977,2024-05-03,High
15,Chesapeake Avenue closed due to severe flooding.,38.968614239463115,-76.48731343898896,2024-05-03,Low
16,Flooding observed around King George Street.,38.96876698924675,-76.49149067905091,2024-05-03,Medium
17,"Heavy flooding on Compromise Street, caution advised.",38.987065599003095,-76.49665940634969,2024-05-03,Medium
18,Streets near Jonas Green Park flooded after recent storm.,38.980558139956365,-76.4989828317407,2024-05-03,Low
19,Rising waters causing issues near Maryland Ave.,38.9871922862975,-76.48992694720518,2024-05-03,Low
20,"Flood warning near Eastport Bridge, dangerous conditions.",38.98094453113858,-76.50030334927771,2024-05-03,High
21,"Flood conditions worsening near Main Street, water everywhere.",38.966834108296695,-76.49189498436844,2024-05-03,Medium
22,"Parking lots near Calvert Street flooded, cars damaged.",38.99106465199937,-76.48313625452437,2024-05-03,Medium
23,Flooding disrupts business at Market Space downtown.,38.966982445157804,-76.48306604441572,2024-05-03,High
24,Storm surge causing floods near Annapolis Harbor.,38.98447425524139,-76.49752607886053,2024-05-03,Low
25,Reports of basement flooding in homes around Church Circle.,38.98014701109564,-76.48409399692596,2024-05-03,Low
26,Flooded sidewalks reported near St. John's College.,38.98714521773173,-76.50221787804065,2024-05-03,Low
27,Severe flooding observed at Acton's Landing Park.,38.98960528903997,-76.50339116732037,2024-05-03,High
28,"Water levels rising near Ego Alley, significant flooding.",38.97023503174154,-76.48185710288703,2024-05-03,Low
29,Residents report backyard flooding near Hilltop Lane.,38.98557987729758,-76.50314019544066,2024-05-03,High
30,Standing water causing traffic delays on Duke of Gloucester St.,38.98111903234326,-76.50608168509946,2024-05-03,High
31,Flood warnings issued for areas near College Creek.,38.98409414218995,-76.48328709749589,2024-05-03,High
32,"Water overflow near Amos Garrett Blvd, road closed.",38.97998236467137,-76.48180388776888,2024-05-03,High
33,Flooding near Germantown Elementary School after heavy rains.,38.98328835519969,-76.50154678143318,2024-05-03,Medium
34,"Flooded conditions around Bestgate Road, drivers cautious.",38.98157365890874,-76.48900897525124,2024-05-03,Medium
35,Extreme flooding near Anne Arundel Medical Center entrance.,38.97844875734392,-76.49468988676175,2024-05-03,Low
36,City Dock submerged again after recent rainfall.,38.98019030976692,-76.49496098765499,2024-05-03,High
37,Side streets near President St flooded due to storm.,38.97785448792585,-76.50505887429388,2024-05-03,Low
38,Critical flooding conditions near Annapolis Maritime Museum.,38.98783700404424,-76.49715527326767,2024-05-03,High
39,"Storm causing flooding around Spa Road, caution advised.",38.98103341480666,-76.48181009885714,2024-05-03,Medium
40,Neighborhood streets around Tyler Avenue experiencing floods.,38.98980110919003,-76.48526099621351,2024-05-03,Low
41,Reports of flood damage around West Annapolis Elementary.,38.97148516258336,-76.49588593980259,2024-05-03,High
42,Heavy flooding affecting homes near Admiral Heights.,38.96501566658709,-76.49742122920297,2024-05-03,Low
43,Businesses around Taylor Avenue facing flooding issues.,38.97556993192362,-76.50142443752812,2024-05-03,Low
44,"Flooding severe near Weems Creek, residents evacuating.",38.96499051224872,-76.49449597153172,2024-05-03,Medium
45,Water rescue operations near Broad Creek due to flooding.,38.968321320379545,-76.50238923857265,2024-05-03,High
46,Rising waters observed near historic district Annapolis.,38.98885058620529,-76.50332295148567,2024-05-03,Medium
47,Minor street flooding near Annapolis Mall area.,38.988363877114544,-76.50537475439954,2024-05-03,High
48,Floodwaters blocking access to Quiet Waters Dog Park.,38.99051639209529,-76.47940845004157,2024-05-03,High
49,Emergency services dealing with floods near Admiral Drive.,38.971393435156436,-76.50362790787631,2024-05-03,High
50,Reports of flooded streets near the State Capitol building.,38.99226665190023,-76.49172646763205,2024-05-03,Medium
